{
  "Register" : {
    "transaction" : "Register",
    "sampleCount" : 8732,
    "errorCount" : 0,
    "errorPct" : 0.0,
    "meanResTime" : 3086.5778744846607,
    "medianResTime" : 3384.0,
    "minResTime" : 113.0,
    "maxResTime" : 11849.0,
    "pct1ResTime" : 5599.7,
    "pct2ResTime" : 6311.700000000001,
    "pct3ResTime" : 7860.0,
    "throughput" : 6.926019608916259,
    "receivedKBytesPerSec" : 4.868213089964886,
    "sentKBytesPerSec" : 4.279700708871999
  },
  "Total" : {
    "transaction" : "Total",
    "sampleCount" : 26180,
    "errorCount" : 0,
    "errorPct" : 0.0,
    "meanResTime" : 1860.938426279602,
    "medianResTime" : 1889.0,
    "minResTime" : 6.0,
    "maxResTime" : 11849.0,
    "pct1ResTime" : 4897.9000000000015,
    "pct2ResTime" : 5566.950000000001,
    "pct3ResTime" : 7144.980000000003,
    "throughput" : 20.765367998331158,
    "receivedKBytesPerSec" : 11.970339631603098,
    "sentKBytesPerSec" : 10.95963412465606
  },
  "Get Tracks" : {
    "transaction" : "Get Tracks",
    "sampleCount" : 8724,
    "errorCount" : 0,
    "errorPct" : 0.0,
    "meanResTime" : 1251.5270518110924,
    "medianResTime" : 1258.5,
    "minResTime" : 6.0,
    "maxResTime" : 10921.0,
    "pct1ResTime" : 2634.5,
    "pct2ResTime" : 3185.25,
    "pct3ResTime" : 5217.0,
    "throughput" : 6.928736625409815,
    "receivedKBytesPerSec" : 3.863582629989262,
    "sentKBytesPerSec" : 3.2935933509066766
  },
  "Stream Track" : {
    "transaction" : "Stream Track",
    "sampleCount" : 8724,
    "errorCount" : 0,
    "errorPct" : 0.0,
    "meanResTime" : 1243.5864282439177,
    "medianResTime" : 1265.5,
    "minResTime" : 7.0,
    "maxResTime" : 8688.0,
    "pct1ResTime" : 2628.0,
    "pct2ResTime" : 3061.75,
    "pct3ResTime" : 4530.25,
    "throughput" : 6.923413900158086,
    "receivedKBytesPerSec" : 3.2453502656991033,
    "sentKBytesPerSec" : 3.392480375129358
  }
}