{
  "Get Progress" : {
    "transaction" : "Get Progress",
    "sampleCount" : 8733,
    "errorCount" : 0,
    "errorPct" : 0.0,
    "meanResTime" : 1745.3323027596498,
    "medianResTime" : 1268.0,
    "minResTime" : 10.0,
    "maxResTime" : 18990.0,
    "pct1ResTime" : 3762.0,
    "pct2ResTime" : 5224.199999999997,
    "pct3ResTime" : 11417.999999999985,
    "throughput" : 6.792398238472056,
    "receivedKBytesPerSec" : 7.960955954169395,
    "sentKBytesPerSec" : 3.1922538110503056
  },
  "Register" : {
    "transaction" : "Register",
    "sampleCount" : 8735,
    "errorCount" : 0,
    "errorPct" : 0.0,
    "meanResTime" : 2448.0612478534467,
    "medianResTime" : 1975.0,
    "minResTime" : 91.0,
    "maxResTime" : 20997.0,
    "pct1ResTime" : 4943.400000000003,
    "pct2ResTime" : 6601.199999999999,
    "pct3ResTime" : 12078.559999999983,
    "throughput" : 6.784545062660925,
    "receivedKBytesPerSec" : 4.758809234913417,
    "sentKBytesPerSec" : 4.176042281560562
  },
  "Total" : {
    "transaction" : "Total",
    "sampleCount" : 26197,
    "errorCount" : 0,
    "errorPct" : 0.0,
    "meanResTime" : 1914.9738901400876,
    "medianResTime" : 1956.0,
    "minResTime" : 6.0,
    "maxResTime" : 20997.0,
    "pct1ResTime" : 4617.9000000000015,
    "pct2ResTime" : 6133.950000000001,
    "pct3ResTime" : 11743.840000000026,
    "throughput" : 20.345304006852956,
    "receivedKBytesPerSec" : 17.79869168888468,
    "sentKBytesPerSec" : 10.569020101248896
  },
  "Get Profile" : {
    "transaction" : "Get Profile",
    "sampleCount" : 8729,
    "errorCount" : 0,
    "errorPct" : 0.0,
    "meanResTime" : 1551.2394317791259,
    "medianResTime" : 1206.0,
    "minResTime" : 6.0,
    "maxResTime" : 19503.0,
    "pct1ResTime" : 3504.0,
    "pct2ResTime" : 4659.0,
    "pct3ResTime" : 7538.200000000019,
    "throughput" : 6.789915548043183,
    "receivedKBytesPerSec" : 5.099337105227745,
    "sentKBytesPerSec" : 3.2109884678779976
  }
}