{
  "Spike Register User" : {
    "transaction" : "Spike Register User",
    "sampleCount" : 100,
    "errorCount" : 9,
    "errorPct" : 9.0,
    "meanResTime" : 1688.4200000000003,
    "medianResTime" : 1689.0,
    "minResTime" : 835.0,
    "maxResTime" : 2538.0,
    "pct1ResTime" : 2132.7000000000003,
    "pct2ResTime" : 2396.2999999999997,
    "pct3ResTime" : 2537.0199999999995,
    "throughput" : 39.0625,
    "receivedKBytesPerSec" : 26.922988891601562,
    "sentKBytesPerSec" : 12.1307373046875
  },
  "Chat Query" : {
    "transaction" : "Chat Query",
    "sampleCount" : 10,
    "errorCount" : 0,
    "errorPct" : 0.0,
    "meanResTime" : 6811.799999999999,
    "medianResTime" : 6644.0,
    "minResTime" : 5454.0,
    "maxResTime" : 7905.0,
    "pct1ResTime" : 7901.0,
    "pct2ResTime" : 7905.0,
    "pct3ResTime" : 7905.0,
    "throughput" : 1.2650221378874131,
    "receivedKBytesPerSec" : 2.6203500553447183,
    "sentKBytesPerSec" : 0.6687075031625553
  },
  "Log Emotion" : {
    "transaction" : "Log Emotion",
    "sampleCount" : 10,
    "errorCount" : 0,
    "errorPct" : 0.0,
    "meanResTime" : 322.59999999999997,
    "medianResTime" : 206.0,
    "minResTime" : 39.0,
    "maxResTime" : 998.0,
    "pct1ResTime" : 997.9,
    "pct2ResTime" : 998.0,
    "pct3ResTime" : 998.0,
    "throughput" : 3.614022406938923,
    "receivedKBytesPerSec" : 1.341141127574991,
    "sentKBytesPerSec" : 2.1010034559089266
  },
  "Stress Register User" : {
    "transaction" : "Stress Register User",
    "sampleCount" : 100,
    "errorCount" : 8,
    "errorPct" : 8.0,
    "meanResTime" : 1025.5800000000004,
    "medianResTime" : 506.0,
    "minResTime" : 84.0,
    "maxResTime" : 4484.0,
    "pct1ResTime" : 3165.400000000001,
    "pct2ResTime" : 3965.1999999999985,
    "pct3ResTime" : 4483.86,
    "throughput" : 9.63948332369385,
    "receivedKBytesPerSec" : 7.141219183776749,
    "sentKBytesPerSec" : 3.012338538654328
  },
  "Total" : {
    "transaction" : "Total",
    "sampleCount" : 240,
    "errorCount" : 17,
    "errorPct" : 7.0833335,
    "meanResTime" : 1476.2958333333338,
    "medianResTime" : 1327.0,
    "minResTime" : 15.0,
    "maxResTime" : 7905.0,
    "pct1ResTime" : 2530.5000000000005,
    "pct2ResTime" : 4461.349999999998,
    "pct3ResTime" : 7818.67,
    "throughput" : 22.232515053265402,
    "receivedKBytesPerSec" : 16.68089972209356,
    "sentKBytesPerSec" : 7.524732949282075
  },
  "Register User" : {
    "transaction" : "Register User",
    "sampleCount" : 10,
    "errorCount" : 0,
    "errorPct" : 0.0,
    "meanResTime" : 784.6000000000001,
    "medianResTime" : 600.5,
    "minResTime" : 88.0,
    "maxResTime" : 2176.0,
    "pct1ResTime" : 2140.6000000000004,
    "pct2ResTime" : 2176.0,
    "pct3ResTime" : 2176.0,
    "throughput" : 2.247191011235955,
    "receivedKBytesPerSec" : 1.6092433286516854,
    "sentKBytesPerSec" : 0.6978581460674157
  },
  "Get Conversations" : {
    "transaction" : "Get Conversations",
    "sampleCount" : 10,
    "errorCount" : 0,
    "errorPct" : 0.0,
    "meanResTime" : 372.09999999999997,
    "medianResTime" : 285.5,
    "minResTime" : 15.0,
    "maxResTime" : 1020.0,
    "pct1ResTime" : 1011.4000000000001,
    "pct2ResTime" : 1020.0,
    "pct3ResTime" : 1020.0,
    "throughput" : 6.28140703517588,
    "receivedKBytesPerSec" : 3.4412786589195976,
    "sentKBytesPerSec" : 2.964652363379397
  }
}