{
  "Spike Register User" : {
    "transaction" : "Spike Register User",
    "sampleCount" : 100,
    "errorCount" : 21,
    "errorPct" : 21.0,
    "meanResTime" : 1632.1099999999994,
    "medianResTime" : 1585.0,
    "minResTime" : 192.0,
    "maxResTime" : 3699.0,
    "pct1ResTime" : 2641.4000000000005,
    "pct2ResTime" : 2866.7999999999993,
    "pct3ResTime" : 3695.7399999999984,
    "throughput" : 24.096385542168676,
    "receivedKBytesPerSec" : 17.105845256024097,
    "sentKBytesPerSec" : 7.459525602409638
  },
  "Chat Query" : {
    "transaction" : "Chat Query",
    "sampleCount" : 10,
    "errorCount" : 0,
    "errorPct" : 0.0,
    "meanResTime" : 7363.9,
    "medianResTime" : 7260.5,
    "minResTime" : 6335.0,
    "maxResTime" : 9608.0,
    "pct1ResTime" : 9423.900000000001,
    "pct2ResTime" : 9608.0,
    "pct3ResTime" : 9608.0,
    "throughput" : 0.8918219923303309,
    "receivedKBytesPerSec" : 2.2018597275483813,
    "sentKBytesPerSec" : 0.47099348969945604
  },
  "Log Emotion" : {
    "transaction" : "Log Emotion",
    "sampleCount" : 10,
    "errorCount" : 0,
    "errorPct" : 0.0,
    "meanResTime" : 1141.2,
    "medianResTime" : 1138.0,
    "minResTime" : 256.0,
    "maxResTime" : 3320.0,
    "pct1ResTime" : 3118.100000000001,
    "pct2ResTime" : 3320.0,
    "pct3ResTime" : 3320.0,
    "throughput" : 1.9538882375928095,
    "receivedKBytesPerSec" : 0.7250757131692067,
    "sentKBytesPerSec" : 1.1349343005080108
  },
  "Stress Register User" : {
    "transaction" : "Stress Register User",
    "sampleCount" : 100,
    "errorCount" : 0,
    "errorPct" : 0.0,
    "meanResTime" : 1766.5299999999995,
    "medianResTime" : 946.0,
    "minResTime" : 316.0,
    "maxResTime" : 5423.0,
    "pct1ResTime" : 4582.4000000000015,
    "pct2ResTime" : 5297.4,
    "pct3ResTime" : 5422.42,
    "throughput" : 7.610929294466854,
    "receivedKBytesPerSec" : 5.4758555160210065,
    "sentKBytesPerSec" : 2.3709828563817643
  },
  "Total" : {
    "transaction" : "Total",
    "sampleCount" : 240,
    "errorCount" : 21,
    "errorPct" : 8.75,
    "meanResTime" : 1869.0458333333322,
    "medianResTime" : 1391.5,
    "minResTime" : 15.0,
    "maxResTime" : 9608.0,
    "pct1ResTime" : 3988.800000000001,
    "pct2ResTime" : 5364.8,
    "pct3ResTime" : 7735.43,
    "throughput" : 17.91178446152698,
    "receivedKBytesPerSec" : 13.721508484774985,
    "sentKBytesPerSec" : 6.0459560881409065
  },
  "Register User" : {
    "transaction" : "Register User",
    "sampleCount" : 10,
    "errorCount" : 0,
    "errorPct" : 0.0,
    "meanResTime" : 1608.1,
    "medianResTime" : 1547.0,
    "minResTime" : 437.0,
    "maxResTime" : 2899.0,
    "pct1ResTime" : 2863.6000000000004,
    "pct2ResTime" : 2899.0,
    "pct3ResTime" : 2899.0,
    "throughput" : 1.9293845263360987,
    "receivedKBytesPerSec" : 1.3825999662357709,
    "sentKBytesPerSec" : 0.5972801707505306
  },
  "Get Conversations" : {
    "transaction" : "Get Conversations",
    "sampleCount" : 10,
    "errorCount" : 0,
    "errorPct" : 0.0,
    "meanResTime" : 757.5000000000001,
    "medianResTime" : 878.0,
    "minResTime" : 15.0,
    "maxResTime" : 1490.0,
    "pct1ResTime" : 1451.9,
    "pct2ResTime" : 1490.0,
    "pct3ResTime" : 1490.0,
    "throughput" : 4.746084480303749,
    "receivedKBytesPerSec" : 2.539896772662553,
    "sentKBytesPerSec" : 2.237704674893213
  }
}